"","Route","Segments","Counties","States","MultiState","Miles","Vitals","Presidents","Most","MostCount","Main","Number","Direction","Type","Group"
"1","I.10",74,70,8,TRUE,2469.29,2,9,"Jefferson",3,"Interstate Main",10,"WE","Interstate Main: National","I 2-40"
"2","I.105.CA",1,1,1,FALSE,17.96,0,0,"Los Angeles",1,"Interstate Spur",105,"WE","Interstate Spur: Local","I 105-184"
"3","I.105.OR",1,1,1,FALSE,3.47,0,0,"Lane",1,"Interstate Spur",105,"WE","Interstate Spur: Fragment","I 105-184"
"4","I.11",1,1,1,FALSE,53.74,0,0,"Clark",1,"Interstate Main",11,"SN","Interstate Main: Local","I 2-40"
"5","I.110.CA",1,1,1,FALSE,20.24,0,0,"Los Angeles",1,"Interstate Spur",110,"SN","Interstate Spur: Local","I 105-184"
"6","I.110.FL",1,1,1,FALSE,5.51,0,0,"Escambia",1,"Interstate Spur",110,"SN","Interstate Spur: Fragment","I 105-184"
"7","I.110.LA",1,1,1,FALSE,8.2,0,0,"East Baton Rouge",1,"Interstate Spur",110,"SN","Interstate Spur: Fragment","I 105-184"
"8","I.110.MS",1,1,1,FALSE,3.67,0,1,"Harrison",1,"Interstate Spur",110,"SN","Interstate Spur: Fragment","I 105-184"
"9","I.110.TX",1,1,1,FALSE,0.92,0,0,"El Paso",1,"Interstate Spur",110,"SN","Interstate Spur: Fragment","I 105-184"
"10","I.115",1,1,1,FALSE,1.2,0,0,"Silver Bow",1,"Interstate Spur",115,"WE","Interstate Spur: Fragment","I 105-184"
"11","I.12",4,4,1,FALSE,86.02,0,0,"East Baton Rouge",1,"Interstate Main",12,"WE","Interstate Main: Local","I 2-40"
"12","I.124",1,1,1,FALSE,1.89,0,0,"Hamilton",1,"Interstate Spur",124,"SN","Interstate Spur: Fragment","I 105-184"
"13","I.126",1,1,1,FALSE,3.54,0,0,"Richland",1,"Interstate Spur",126,"WE","Interstate Spur: Fragment","I 105-184"
"14","I.129",2,2,2,TRUE,3.6,0,0,"Dakota",1,"Interstate Spur",129,"WE","Interstate Spur: Fragment","I 105-184"
"15","I.135",4,4,1,FALSE,95.45,0,0,"Sedgwick",1,"Interstate Spur",135,"SN","Interstate Spur: Local","I 105-184"
"16","I.14",2,2,1,FALSE,25.02,0,0,"Coryell",1,"Interstate Main",14,"WE","Interstate Main: Local","I 2-40"
"17","I.140.NC",2,2,1,FALSE,20.01,0,0,"Brunswick",1,"Interstate Spur",140,"WE","Interstate Spur: Local","I 105-184"
"18","I.140.TN",2,2,1,FALSE,11.21,0,0,"Knox",1,"Interstate Spur",140,"WE","Interstate Spur: Local","I 105-184"
"19","I.15",30,28,6,TRUE,1423.3,5,4,"Clark",2,"Interstate Main",15,"SN","Interstate Main: National","I 2-40"
"20","I.155.IL",2,2,1,FALSE,31.98,0,0,"Logan",1,"Interstate Spur",155,"SN","Interstate Spur: Local","I 105-184"
"21","I.155.MO",2,2,2,TRUE,26.31,0,0,"Pemiscot",1,"Interstate Spur",155,"WE","Interstate Spur: Local","I 105-184"
"22","I.16",11,11,1,FALSE,164.29,1,0,"Bibb",1,"Interstate Main",16,"WE","Interstate Main: Regional","I 2-40"
"23","I.165.AL",1,1,1,FALSE,4.45,0,0,"Mobile",1,"Interstate Spur",165,"SN","Interstate Spur: Fragment","I 105-184"
"24","I.165.KY",4,4,1,FALSE,69.74,0,0,"Warren",1,"Interstate Spur",165,"SN","Interstate Spur: Local","I 105-184"
"25","I.169.KY",2,2,1,FALSE,34.86,0,0,"Christian",1,"Interstate Spur",169,"SN","Interstate Spur: Local","I 105-184"
"26","I.169.TX",1,1,1,FALSE,4.5,0,0,"Cameron",1,"Interstate Spur",169,"SN","Interstate Spur: Fragment","I 105-184"
"27","I.17",3,3,1,FALSE,144.93,0,0,"Maricopa",1,"Interstate Main",17,"SN","Interstate Main: Local","I 2-40"
"28","I.170",1,1,1,FALSE,10.42,0,0,"St. Louis",1,"Interstate Spur",170,"SN","Interstate Spur: Local","I 105-184"
"29","I.172",2,2,1,FALSE,18.83,0,1,"Pike",1,"Interstate Spur",172,"SN","Interstate Spur: Local","I 105-184"
"30","I.175",1,1,1,FALSE,0.92,0,0,"Pinellas",1,"Interstate Spur",175,"WE","Interstate Spur: Fragment","I 105-184"
"31","I.176",1,1,1,FALSE,11.41,0,0,"Berks",1,"Interstate Spur",176,"SN","Interstate Spur: Local","I 105-184"
"32","I.180.IL",2,2,1,FALSE,13.15,1,0,"Putnam",1,"Interstate Spur",180,"SN","Interstate Spur: Local","I 105-184"
"33","I.180.NE",1,1,1,FALSE,3.62,0,0,"Lancaster",1,"Interstate Spur",180,"SN","Interstate Spur: Fragment","I 105-184"
"34","I.180.PA",2,2,1,FALSE,28.49,0,0,"Lycoming",1,"Interstate Spur",180,"CCW","Interstate Spur: Local","I 105-184"
"35","I.180.WY",1,1,1,FALSE,1.12,0,0,"Laramie",1,"Interstate Spur",180,"SN","Interstate Spur: Fragment","I 105-184"
"36","I.182",2,2,1,FALSE,14.78,0,0,"Benton",1,"Interstate Spur",182,"WE","Interstate Spur: Local","I 105-184"
"37","I.184",1,1,1,FALSE,3.77,0,0,"Ada",1,"Interstate Spur",184,"WE","Interstate Spur: Fragment","I 105-184"
"38","I.185.GA",3,3,1,FALSE,49.11,0,0,"Muscogee",1,"Interstate Spur",185,"SN","Interstate Spur: Local","I 185-235"
"39","I.185.SC",1,1,1,FALSE,17.97,0,0,"Greenville",1,"Interstate Spur",185,"CCW","Interstate Spur: Local","I 185-235"
"40","I.189",1,1,1,FALSE,1.45,0,0,"Chittenden",1,"Interstate Spur",189,"WE","Interstate Spur: Fragment","I 185-235"
"41","I.19",2,2,1,FALSE,63.04,1,0,"Santa Cruz",1,"Interstate Main",19,"SN","Interstate Main: Local","I 2-40"
"42","I.190.IL",1,1,1,FALSE,3.89,0,0,"Cook",1,"Interstate Spur",190,"WE","Interstate Spur: Fragment","I 185-235"
"43","I.190.MA",1,1,1,FALSE,19.25,0,0,"Worcester",1,"Interstate Spur",190,"SN","Interstate Spur: Local","I 185-235"
"44","I.190.NY",2,2,1,FALSE,28.08,0,0,"Erie",1,"Interstate Spur",190,"SN","Interstate Spur: Local","I 185-235"
"45","I.190.SD",1,1,1,FALSE,1.23,0,0,"Pennington",1,"Interstate Spur",190,"SN","Interstate Spur: Fragment","I 185-235"
"46","I.194.MI",1,1,1,FALSE,3.49,0,0,"Calhoun",1,"Interstate Spur",194,"SN","Interstate Spur: Fragment","I 185-235"
"47","I.194.ND",1,1,1,FALSE,1.08,0,0,"Morton",1,"Interstate Spur",194,"SN","Interstate Spur: Fragment","I 185-235"
"48","I.195.FL",1,1,1,FALSE,4.06,0,0,"Miami-Dade",1,"Interstate Spur",195,"WE","Interstate Spur: Fragment","I 185-235"
"49","I.195.MA",3,3,2,TRUE,42.93,0,0,"Providence",1,"Interstate Spur",195,"WE","Interstate Spur: Local","I 185-235"
"50","I.195.MD",2,2,1,FALSE,3.87,0,0,"Anne Arundel",1,"Interstate Spur",195,"SN","Interstate Spur: Fragment","I 185-235"
"51","I.195.ME",1,1,1,FALSE,2.14,0,0,"York",1,"Interstate Spur",195,"WE","Interstate Spur: Fragment","I 185-235"
"52","I.195.NJ",4,3,1,FALSE,33.94,0,0,"Monmouth",2,"Interstate Spur",195,"WE","Interstate Spur: Local","I 185-235"
"53","I.195.VA",3,2,1,FALSE,2.77,0,0,"Richmond, City of",2,"Interstate Spur",195,"SN","Interstate Spur: Fragment","I 185-235"
"54","I.196",5,5,1,FALSE,81.81,0,1,"Berrien",1,"Interstate Spur",196,"SN","Interstate Spur: Local","I 185-235"
"55","I.2",2,2,1,FALSE,46.16,0,0,"Hidalgo",1,"Interstate Main",2,"WE","Interstate Main: Local","I 2-40"
"56","I.20",67,63,6,TRUE,1542.78,2,5,"Richland",2,"Interstate Main",20,"WE","Interstate Main: National","I 2-40"
"57","I.205.CA",2,2,1,FALSE,14.5,0,0,"Alameda",1,"Interstate Spur",205,"WE","Interstate Spur: Local","I 185-235"
"58","I.205.OR",4,4,2,TRUE,37.3,0,1,"Washington",1,"Interstate Spur",205,"CCW","Interstate Spur: Local","I 185-235"
"59","I.210.CA",1,1,1,FALSE,44.4,0,0,"Los Angeles",1,"Interstate Spur",210,"WE","Interstate Spur: Local","I 185-235"
"60","I.210.LA",1,1,1,FALSE,11.42,0,0,"Calcasieu",1,"Interstate Spur",210,"WE","Interstate Spur: Local","I 185-235"
"61","I.215.CA",2,2,1,FALSE,55.24,0,0,"Riverside",1,"Interstate Spur",215,"SN","Interstate Spur: Local","I 185-235"
"62","I.215.NV",1,1,1,FALSE,10.77,0,0,"Clark",1,"Interstate Spur",215,"WE","Interstate Spur: Local","I 185-235"
"63","I.215.UT",2,2,1,FALSE,28.84,0,0,"Salt Lake",1,"Interstate Spur",215,"CCW","Interstate Spur: Local","I 185-235"
"64","I.22",9,9,2,TRUE,200.07,0,1,"Marshall",1,"Interstate Main",22,"WE","Interstate Main: Regional","I 2-40"
"65","I.220.LA",2,2,1,FALSE,17.1,0,0,"Caddo",1,"Interstate Spur",220,"WE","Interstate Spur: Local","I 185-235"
"66","I.220.MS",2,2,1,FALSE,11.02,0,1,"Hinds",1,"Interstate Spur",220,"SN","Interstate Spur: Local","I 185-235"
"67","I.225",3,3,1,FALSE,11.5,0,1,"Denver",1,"Interstate Spur",225,"SN","Interstate Spur: Local","I 185-235"
"68","I.229.MO",2,2,1,FALSE,14.22,0,1,"Buchanan",1,"Interstate Spur",229,"SN","Interstate Spur: Local","I 185-235"
"69","I.229.SD",2,2,1,FALSE,10.81,0,1,"Minnehaha",1,"Interstate Spur",229,"SN","Interstate Spur: Local","I 185-235"
"70","I.235.IA",1,1,1,FALSE,12.94,0,1,"Polk",1,"Interstate Spur",235,"CCW","Interstate Spur: Local","I 185-235"
"71","I.235.KS",1,1,1,FALSE,15.52,0,0,"Sedgwick",1,"Interstate Spur",235,"CCW","Interstate Spur: Local","I 185-235"
"72","I.235.OK",1,1,1,FALSE,5.01,0,0,"Oklahoma",1,"Interstate Spur",235,"SN","Interstate Spur: Fragment","I 185-235"
"73","I.238",1,1,1,FALSE,3.11,0,0,"Alameda",1,"Interstate Spur",238,"WE","Interstate Spur: Fragment","I 238-285"
"74","I.24",24,21,4,TRUE,314.66,0,1,"Robertson",2,"Interstate Main",24,"WE","Interstate Main: Regional","I 2-40"
"75","I.240.NC",1,1,1,FALSE,9.68,0,0,"Buncombe",1,"Interstate Spur",240,"WE","Interstate Spur: Fragment","I 238-285"
"76","I.240.OK",1,1,1,FALSE,22.66,0,0,"Oklahoma",1,"Interstate Spur",240,"WE","Interstate Spur: Local","I 238-285"
"77","I.240.TN",1,1,1,FALSE,20.89,0,0,"Shelby",1,"Interstate Spur",240,"CCW","Interstate Spur: Local","I 238-285"
"78","I.244",1,1,1,FALSE,16.28,0,0,"Tulsa",1,"Interstate Spur",244,"WE","Interstate Spur: Local","I 238-285"
"79","I.25",27,26,3,TRUE,1058.55,0,2,"Weld",2,"Interstate Main",25,"SN","Interstate Main: National","I 2-40"
"80","I.255",4,4,2,TRUE,31.55,0,2,"St. Louis",1,"Interstate Spur",255,"CCW","Interstate Spur: Local","I 238-285"
"81","I.26",23,18,3,TRUE,343.18,0,4,"Lexington",4,"Interstate Main",26,"WE","Interstate Main: Regional","I 2-40"
"82","I.264.KY",1,1,1,FALSE,22.45,0,1,"Jefferson",1,"Interstate Spur",264,"CCW","Interstate Spur: Local","I 238-285"
"83","I.264.VA",4,4,1,FALSE,24.44,0,0,"Chesapeake, City of",1,"Interstate Spur",264,"WE","Interstate Spur: Local","I 238-285"
"84","I.265",4,4,3,TRUE,45.96,1,1,"Jefferson",1,"Interstate Spur",265,"CCW","Interstate Spur: Local","I 238-285"
"85","I.269",10,4,2,TRUE,45.25,0,0,"Fayette",4,"Interstate Spur",269,"CCW","Interstate Spur: Local","I 238-285"
"86","I.27",5,5,1,FALSE,127.93,0,0,"Lubbock",1,"Interstate Main",27,"SN","Interstate Main: Local","I 2-40"
"87","I.270.CO",2,2,1,FALSE,6.94,0,1,"Adams",1,"Interstate Spur",270,"WE","Interstate Spur: Fragment","I 238-285"
"88","I.270.MD",2,2,1,FALSE,32.16,0,0,"Frederick",1,"Interstate Spur",270,"WE","Interstate Spur: Local","I 238-285"
"89","I.270.MO",3,3,2,TRUE,50.75,0,1,"Madison",1,"Interstate Spur",270,"CCW","Interstate Spur: Local","I 238-285"
"90","I.270.OH",1,1,1,FALSE,55,0,0,"Franklin",1,"Interstate Spur",270,"CCW","Interstate Spur: Local","I 238-285"
"91","I.271",4,4,1,FALSE,41.85,0,0,"Medina",1,"Interstate Spur",271,"SN","Interstate Spur: Local","I 238-285"
"92","I.275.FL",5,4,1,FALSE,59.28,0,0,"Hillsborough",2,"Interstate Spur",275,"SN","Interstate Spur: Local","I 238-285"
"93","I.275.MI",3,3,1,FALSE,37.33,0,1,"Monroe",1,"Interstate Spur",275,"SN","Interstate Spur: Local","I 238-285"
"94","I.275.OH",6,6,3,TRUE,83.4,0,0,"Kenton",1,"Interstate Spur",275,"CCW","Interstate Spur: Local","I 238-285"
"95","I.275.TN",1,1,1,FALSE,3.01,0,0,"Knox",1,"Interstate Spur",275,"SN","Interstate Spur: Fragment","I 238-285"
"96","I.276",2,2,1,FALSE,30.53,0,0,"Montgomery",1,"Interstate Spur",276,"WE","Interstate Spur: Local","I 238-285"
"97","I.277.NC",1,1,1,FALSE,4.37,0,0,"Mecklenburg",1,"Interstate Spur",277,"CCW","Interstate Spur: Fragment","I 238-285"
"98","I.277.OH",1,1,1,FALSE,3.88,0,0,"Summit",1,"Interstate Spur",277,"WE","Interstate Spur: Fragment","I 238-285"
"99","I.278",6,6,2,TRUE,36.1,1,0,"Union",1,"Interstate Spur",278,"WE","Interstate Spur: Local","I 238-285"
"100","I.279",1,1,1,FALSE,13.41,0,0,"Allegheny",1,"Interstate Spur",279,"SN","Interstate Spur: Local","I 238-285"
"101","I.280.CA",3,3,1,FALSE,57.63,0,0,"Santa Clara",1,"Interstate Spur",280,"SN","Interstate Spur: Local","I 238-285"
"102","I.280.IL",3,3,2,TRUE,26.74,0,0,"Scott",1,"Interstate Spur",280,"CCW","Interstate Spur: Local","I 238-285"
"103","I.280.NJ",3,3,1,FALSE,16.51,0,0,"Morris",1,"Interstate Spur",280,"WE","Interstate Spur: Local","I 238-285"
"104","I.280.OH",2,2,1,FALSE,11.9,0,0,"Wood",1,"Interstate Spur",280,"SN","Interstate Spur: Local","I 238-285"
"105","I.283",1,1,1,FALSE,2.83,0,0,"Dauphin",1,"Interstate Spur",283,"SN","Interstate Spur: Fragment","I 238-285"
"106","I.285.GA",6,4,1,FALSE,62.78,0,0,"Fulton",3,"Interstate Spur",285,"CCW","Interstate Spur: Local","I 238-285"
"107","I.285.NC",2,2,1,FALSE,23.45,0,0,"Davidson",1,"Interstate Spur",285,"SN","Interstate Spur: Local","I 238-285"
"108","I.287",7,7,2,TRUE,98.03,0,0,"Middlesex",1,"Interstate Spur",287,"CCW","Interstate Spur: Local","I 287-380"
"109","I.29",29,29,4,TRUE,750.44,3,5,"Jackson",1,"Interstate Main",29,"SN","Interstate Main: Regional","I 2-40"
"110","I.290.IL",3,2,1,FALSE,30.04,0,0,"Cook",2,"Interstate Spur",290,"CCW","Interstate Spur: Local","I 287-380"
"111","I.290.MA",2,2,1,FALSE,20.2,0,0,"Worcester",1,"Interstate Spur",290,"WE","Interstate Spur: Local","I 287-380"
"112","I.290.NY",1,1,1,FALSE,9.42,0,0,"Erie",1,"Interstate Spur",290,"WE","Interstate Spur: Fragment","I 287-380"
"113","I.291.CT",1,1,1,FALSE,5.56,0,0,"Capitol",1,"Interstate Spur",291,"WE","Interstate Spur: Fragment","I 287-380"
"114","I.291.MA",1,1,1,FALSE,4.49,0,0,"Hampden",1,"Interstate Spur",291,"SN","Interstate Spur: Fragment","I 287-380"
"115","I.293",2,2,1,FALSE,11.84,0,0,"Hillsborough",1,"Interstate Spur",293,"SN","Interstate Spur: Local","I 287-380"
"116","I.294",2,2,1,FALSE,55.58,0,0,"Lake",1,"Interstate Spur",294,"CCW","Interstate Spur: Local","I 287-380"
"117","I.295.DC",2,2,2,TRUE,5.29,0,0,"Prince George's",1,"Interstate Spur",295,"SN","Interstate Spur: Fragment","I 287-380"
"118","I.295.FL",2,2,1,FALSE,60.8,0,0,"Duval",1,"Interstate Spur",295,"CCW","Interstate Spur: Local","I 287-380"
"119","I.295.ME",3,3,1,FALSE,53.13,0,0,"Cumberland",1,"Interstate Spur",295,"SN","Interstate Spur: Local","I 287-380"
"120","I.295.NC",1,1,1,FALSE,21.86,0,0,"Cumberland",1,"Interstate Spur",295,"CCW","Interstate Spur: Local","I 287-380"
"121","I.295.NJ",7,7,3,TRUE,92.58,0,0,"New Castle",1,"Interstate Spur",295,"CCW","Interstate Spur: Local","I 287-380"
"122","I.295.NY",2,2,1,FALSE,9.67,0,0,"Queens",1,"Interstate Spur",295,"SN","Interstate Spur: Fragment","I 287-380"
"123","I.295.RI",3,3,2,TRUE,27.32,0,0,"Kent",1,"Interstate Spur",295,"CCW","Interstate Spur: Local","I 287-380"
"124","I.295.VA",9,5,1,FALSE,52.83,0,0,"Prince George",3,"Interstate Spur",295,"CCW","Interstate Spur: Local","I 287-380"
"125","I.296",1,1,1,FALSE,3.23,0,0,"Kent",1,"Interstate Spur",296,"SN","Interstate Spur: Fragment","I 287-380"
"126","I.30",17,17,2,TRUE,368.22,0,0,"Parker",1,"Interstate Main",30,"WE","Interstate Main: Regional","I 2-40"
"127","I.305",2,2,1,FALSE,5.26,0,0,"Sacramento",1,"Interstate Spur",305,"WE","Interstate Spur: Fragment","I 287-380"
"128","I.310.LA",1,1,1,FALSE,11.16,0,0,"St. Charles",1,"Interstate Spur",310,"SN","Interstate Spur: Local","I 287-380"
"129","I.310.MS",1,1,1,FALSE,5.13,0,1,"Harrison",1,"Interstate Spur",310,"SN","Interstate Spur: Fragment","I 287-380"
"130","I.315",1,1,1,FALSE,0.67,0,0,"Cascade",1,"Interstate Spur",315,"WE","Interstate Spur: Fragment","I 287-380"
"131","I.335.KS",4,4,1,FALSE,50.37,0,0,"Lyon",1,"Interstate Spur",335,"SN","Interstate Spur: Local","I 287-380"
"132","I.335.OK",1,1,1,FALSE,17.93,0,0,"Oklahoma",1,"Interstate Spur",335,"SN","Interstate Spur: Local","I 287-380"
"133","I.344",3,2,1,FALSE,31.2,0,0,"Oklahoma",2,"Interstate Spur",344,"CCW","Interstate Spur: Local","I 287-380"
"134","I.35.E",70,69,6,TRUE,1567.11,0,8,"Franklin",2,"Interstate Main",35,"SN","Interstate Main: National","I 2-40"
"135","I.35.W",71,69,6,TRUE,1557.75,0,9,"Johnson",2,"Interstate Main",35,"SN","Interstate Main: National","I 2-40"
"136","I.355",4,3,1,FALSE,32.28,0,0,"Will",2,"Interstate Spur",355,"SN","Interstate Spur: Local","I 287-380"
"137","I.359",1,1,1,FALSE,2.44,0,0,"Tuscaloosa",1,"Interstate Spur",359,"SN","Interstate Spur: Fragment","I 287-380"
"138","I.35E.MN",3,3,1,FALSE,39.47,0,0,"Dakota",1,"Interstate Main",35,"SN","Interstate Main: Local","I 2-40"
"139","I.35E.TX",4,4,1,FALSE,97.47,0,0,"Hill",1,"Interstate Main",35,"SN","Interstate Main: Local","I 2-40"
"140","I.35W.MN",4,4,1,FALSE,41.84,0,0,"Dakota",1,"Interstate Main",35,"SN","Interstate Main: Local","I 2-40"
"141","I.35W.TX",4,4,1,FALSE,85.71,0,1,"Hill",1,"Interstate Main",35,"SN","Interstate Main: Local","I 2-40"
"142","I.369",1,1,1,FALSE,3.96,0,0,"Bowie",1,"Interstate Spur",369,"SN","Interstate Spur: Fragment","I 287-380"
"143","I.37",5,5,1,FALSE,142.76,0,0,"Nueces",1,"Interstate Main",37,"SN","Interstate Main: Local","I 2-40"
"144","I.370",1,1,1,FALSE,2.2,0,0,"Montgomery",1,"Interstate Spur",370,"WE","Interstate Spur: Fragment","I 287-380"
"145","I.375.FL",1,1,1,FALSE,0.9,0,0,"Pinellas",1,"Interstate Spur",375,"WE","Interstate Spur: Fragment","I 287-380"
"146","I.375.MI",1,1,1,FALSE,1,0,0,"Wayne",1,"Interstate Spur",375,"SN","Interstate Spur: Fragment","I 287-380"
"147","I.376",4,4,1,FALSE,84.38,0,0,"Mercer",1,"Interstate Spur",376,"CCW","Interstate Spur: Local","I 287-380"
"148","I.380.CA",1,1,1,FALSE,1.84,0,0,"San Mateo",1,"Interstate Spur",380,"WE","Interstate Spur: Fragment","I 287-380"
"149","I.380.IA",5,5,1,FALSE,73,0,2,"Johnson",1,"Interstate Spur",380,"SN","Interstate Spur: Local","I 287-380"
"150","I.380.PA",3,3,1,FALSE,27.81,0,1,"Monroe",1,"Interstate Spur",380,"SN","Interstate Spur: Local","I 287-380"
"151","I.381",1,1,1,FALSE,1.11,0,0,"Bristol, City of",1,"Interstate Spur",381,"CCW","Interstate Spur: Fragment","I 381-475"
"152","I.384",1,1,1,FALSE,7.26,0,0,"Capitol",1,"Interstate Spur",384,"WE","Interstate Spur: Fragment","I 381-475"
"153","I.385",2,2,1,FALSE,41.71,0,0,"Laurens",1,"Interstate Spur",385,"SN","Interstate Spur: Local","I 381-475"
"154","I.39",14,14,2,TRUE,322.38,0,0,"McLean",1,"Interstate Main",39,"SN","Interstate Main: Regional","I 2-40"
"155","I.390",3,3,1,FALSE,76.24,0,1,"Steuben",1,"Interstate Spur",390,"SN","Interstate Spur: Local","I 381-475"
"156","I.391",1,1,1,FALSE,4.49,0,0,"Hampden",1,"Interstate Spur",391,"SN","Interstate Spur: Fragment","I 381-475"
"157","I.393",1,1,1,FALSE,4.67,0,0,"Merrimack",1,"Interstate Spur",393,"WE","Interstate Spur: Fragment","I 381-475"
"158","I.394",1,1,1,FALSE,9.59,0,0,"Hennepin",1,"Interstate Spur",394,"WE","Interstate Spur: Fragment","I 381-475"
"159","I.395.CT",3,3,2,TRUE,67.35,0,0,"Southeastern Connecticut",1,"Interstate Spur",395,"SN","Interstate Spur: Local","I 381-475"
"160","I.395.FL",1,1,1,FALSE,1.02,0,0,"Miami-Dade",1,"Interstate Spur",395,"WE","Interstate Spur: Fragment","I 381-475"
"161","I.395.MD",1,1,1,FALSE,0.98,0,0,"Baltimore, City of",1,"Interstate Spur",395,"SN","Interstate Spur: Fragment","I 381-475"
"162","I.395.ME",1,1,1,FALSE,4.8,0,0,"Penobscot",1,"Interstate Spur",395,"WE","Interstate Spur: Fragment","I 381-475"
"163","I.395.VA",6,4,2,TRUE,14.4,0,0,"Alexandria, City of",2,"Interstate Spur",395,"SN","Interstate Spur: Local","I 381-475"
"164","I.4",6,6,1,FALSE,132.48,0,1,"Hillsborough",1,"Interstate Main",4,"WE","Interstate Main: Local","I 2-40"
"165","I.40",96,86,8,TRUE,2558.74,1,6,"Gray",3,"Interstate Main",40,"WE","Interstate Main: National","I 2-40"
"166","I.405.CA",2,2,1,FALSE,73.74,0,0,"Orange",1,"Interstate Spur",405,"SN","Interstate Spur: Local","I 381-475"
"167","I.405.OR",1,1,1,FALSE,3.5,0,0,"Multnomah",1,"Interstate Spur",405,"SN","Interstate Spur: Fragment","I 381-475"
"168","I.405.WA",2,2,1,FALSE,30.22,0,0,"King",1,"Interstate Spur",405,"SN","Interstate Spur: Local","I 381-475"
"169","I.41",11,11,2,TRUE,175.65,0,1,"Lake",1,"Interstate Main",41,"SN","Interstate Main: Regional","I 41-74"
"170","I.43",8,8,1,FALSE,189.58,2,0,"Rock",1,"Interstate Main",43,"SN","Interstate Main: Regional","I 41-74"
"171","I.430",1,1,1,FALSE,12.39,0,0,"Pulaski",1,"Interstate Spur",430,"SN","Interstate Spur: Local","I 381-475"
"172","I.44",28,28,3,TRUE,639.24,4,2,"Wichita",1,"Interstate Main",44,"WE","Interstate Main: Regional","I 41-74"
"173","I.440.AR",1,1,1,FALSE,14.28,0,0,"Pulaski",1,"Interstate Spur",440,"CCW","Interstate Spur: Local","I 381-475"
"174","I.440.NC",1,1,1,FALSE,16.3,0,0,"Wake",1,"Interstate Spur",440,"CCW","Interstate Spur: Local","I 381-475"
"175","I.440.TN",1,1,1,FALSE,6.97,0,0,"Davidson",1,"Interstate Spur",440,"CCW","Interstate Spur: Fragment","I 381-475"
"176","I.444",1,1,1,FALSE,2.5,0,0,"Tulsa",1,"Interstate Spur",444,"CCW","Interstate Spur: Fragment","I 381-475"
"177","I.45",10,10,1,FALSE,283.51,1,1,"Galveston",1,"Interstate Main",45,"SN","Interstate Main: Regional","I 41-74"
"178","I.459",1,1,1,FALSE,32.88,0,1,"Jefferson",1,"Interstate Spur",459,"CCW","Interstate Spur: Local","I 381-475"
"179","I.464",2,2,1,FALSE,5.29,0,0,"Chesapeake, City of",1,"Interstate Spur",464,"SN","Interstate Spur: Fragment","I 381-475"
"180","I.469",1,1,1,FALSE,30.56,0,0,"Allen",1,"Interstate Spur",469,"CCW","Interstate Spur: Local","I 381-475"
"181","I.470.KS",1,1,1,FALSE,14.17,0,0,"Shawnee",1,"Interstate Spur",470,"WE","Interstate Spur: Local","I 381-475"
"182","I.470.MO",1,1,1,FALSE,16.84,0,1,"Jackson",1,"Interstate Spur",470,"CCW","Interstate Spur: Local","I 381-475"
"183","I.470.OH",2,2,2,TRUE,10.72,0,0,"Belmont",1,"Interstate Spur",470,"WE","Interstate Spur: Local","I 381-475"
"184","I.471",2,2,2,TRUE,5.54,0,0,"Campbell",1,"Interstate Spur",471,"SN","Interstate Spur: Fragment","I 381-475"
"185","I.474",2,2,1,FALSE,13.94,0,0,"Peoria",1,"Interstate Spur",474,"CCW","Interstate Spur: Local","I 381-475"
"186","I.475.GA",2,2,1,FALSE,15.76,0,1,"Bibb",1,"Interstate Spur",475,"SN","Interstate Spur: Local","I 381-475"
"187","I.475.MI",1,1,1,FALSE,17.08,0,0,"Genesee",1,"Interstate Spur",475,"SN","Interstate Spur: Local","I 381-475"
"188","I.475.OH",2,2,1,FALSE,19.26,0,0,"Lucas",1,"Interstate Spur",475,"CCW","Interstate Spur: Local","I 381-475"
"189","I.476",7,7,1,FALSE,131.32,0,0,"Delaware",1,"Interstate Spur",476,"SN","Interstate Spur: Local","I 476-587"
"190","I.478",2,2,1,FALSE,2.4,0,0,"Kings",1,"Interstate Spur",478,"SN","Interstate Spur: Fragment","I 476-587"
"191","I.480.NE",2,2,2,TRUE,4.27,0,0,"Douglas",1,"Interstate Spur",480,"CCW","Interstate Spur: Fragment","I 476-587"
"192","I.480.OH",4,4,1,FALSE,42.25,0,0,"Lorain",1,"Interstate Spur",480,"WE","Interstate Spur: Local","I 476-587"
"193","I.481",1,1,1,FALSE,15.23,0,0,"Onondaga",1,"Interstate Spur",481,"CCW","Interstate Spur: Local","I 476-587"
"194","I.49.C",2,2,2,TRUE,76.65,0,0,"Caddo",1,"Interstate Main",49,"SN","Interstate Main: Local","I 41-74"
"195","I.49.N",12,12,2,TRUE,274.41,0,2,"Sebastian",1,"Interstate Main",49,"SN","Interstate Main: Regional","I 41-74"
"196","I.49.S",11,8,1,FALSE,205.64,0,0,"Evangeline",3,"Interstate Main",49,"SN","Interstate Main: Regional","I 41-74"
"197","I.490.NY",3,3,1,FALSE,37.62,0,1,"Genesee",1,"Interstate Spur",490,"WE","Interstate Spur: Local","I 476-587"
"198","I.490.OH",1,1,1,FALSE,2.68,0,0,"Cuyahoga",1,"Interstate Spur",490,"WE","Interstate Spur: Fragment","I 476-587"
"199","I.494",5,4,1,FALSE,42.6,0,2,"Washington",2,"Interstate Spur",494,"CCW","Interstate Spur: Local","I 476-587"
"200","I.495.DC",5,5,3,TRUE,63.93,0,0,"District of Columbia",1,"Interstate Spur",495,"CCW","Interstate Spur: Local","I 476-587"
"201","I.495.DE",1,1,1,FALSE,11.75,0,0,"New Castle",1,"Interstate Spur",495,"SN","Interstate Spur: Local","I 476-587"
"202","I.495.MA",12,6,1,FALSE,120.04,0,0,"Worcester",3,"Interstate Spur",495,"SN","Interstate Spur: Local","I 476-587"
"203","I.495.ME",1,1,1,FALSE,3.8,0,0,"Cumberland",1,"Interstate Spur",495,"WE","Interstate Spur: Fragment","I 476-587"
"204","I.495.NY",4,4,1,FALSE,70.61,2,0,"New York",1,"Interstate Spur",495,"WE","Interstate Spur: Local","I 476-587"
"205","I.496",2,2,1,FALSE,11.24,0,0,"Ingham",1,"Interstate Spur",496,"CCW","Interstate Spur: Local","I 476-587"
"206","I.5",34,34,3,TRUE,1390.58,13,3,"San Diego",1,"Interstate Main",5,"SN","Interstate Main: National","I 2-40"
"207","I.505",2,2,1,FALSE,33.57,0,0,"Solano",1,"Interstate Spur",505,"SN","Interstate Spur: Local","I 476-587"
"208","I.510",1,1,1,FALSE,3.08,0,0,"Orleans",1,"Interstate Spur",510,"SN","Interstate Spur: Fragment","I 476-587"
"209","I.516",1,1,1,FALSE,6.68,0,0,"Chatham",1,"Interstate Spur",516,"SN","Interstate Spur: Fragment","I 476-587"
"210","I.520",2,2,2,TRUE,22.34,0,0,"Richmond",1,"Interstate Spur",520,"CCW","Interstate Spur: Local","I 476-587"
"211","I.526",3,2,1,FALSE,19.41,0,0,"Charleston",2,"Interstate Spur",526,"CCW","Interstate Spur: Local","I 476-587"
"212","I.530",5,4,1,FALSE,46.55,0,2,"Pulaski",2,"Interstate Spur",530,"CCW","Interstate Spur: Local","I 476-587"
"213","I.535",2,2,2,TRUE,2.61,0,0,"Douglas",1,"Interstate Spur",535,"SN","Interstate Spur: Fragment","I 476-587"
"214","I.540.AR",2,2,1,FALSE,14.56,0,0,"Sebastian",1,"Interstate Spur",540,"CCW","Interstate Spur: Local","I 476-587"
"215","I.540.NC",1,1,1,FALSE,24.37,0,0,"Wake",1,"Interstate Spur",540,"CCW","Interstate Spur: Local","I 476-587"
"216","I.55",42,39,6,TRUE,942.14,2,4,"Madison",2,"Interstate Main",55,"SN","Interstate Main: Regional","I 41-74"
"217","I.555",3,3,1,FALSE,48.92,0,0,"Crittenden",1,"Interstate Spur",555,"SN","Interstate Spur: Local","I 476-587"
"218","I.564",1,1,1,FALSE,2.96,0,0,"Norfolk, City of",1,"Interstate Spur",564,"WE","Interstate Spur: Fragment","I 476-587"
"219","I.565",2,2,1,FALSE,22.19,0,1,"Limestone",1,"Interstate Spur",565,"WE","Interstate Spur: Local","I 476-587"
"220","I.57.N",23,23,2,TRUE,380.69,1,3,"Scott",1,"Interstate Main",57,"SN","Interstate Main: Regional","I 41-74"
"221","I.57.S",6,6,1,FALSE,124.27,0,1,"Pulaski",1,"Interstate Main",57,"SN","Interstate Main: Local","I 41-74"
"222","I.575",3,3,1,FALSE,31,1,0,"Cobb",1,"Interstate Spur",575,"SN","Interstate Spur: Local","I 476-587"
"223","I.579",1,1,1,FALSE,1.52,0,0,"Allegheny",1,"Interstate Spur",579,"SN","Interstate Spur: Fragment","I 476-587"
"224","I.580.CA",4,4,1,FALSE,80.41,0,0,"Marin",1,"Interstate Spur",580,"WE","Interstate Spur: Local","I 476-587"
"225","I.580.NV",2,2,1,FALSE,34.9,0,0,"Carson City",1,"Interstate Spur",580,"SN","Interstate Spur: Local","I 476-587"
"226","I.581",2,2,1,FALSE,6.09,0,0,"Roanoke, City of",1,"Interstate Spur",581,"SN","Interstate Spur: Fragment","I 476-587"
"227","I.585",1,1,1,FALSE,2.03,0,0,"Spartanburg",1,"Interstate Spur",585,"WE","Interstate Spur: Fragment","I 476-587"
"228","I.587.NC",3,3,1,FALSE,36.81,0,1,"Wilson",1,"Interstate Spur",587,"WE","Interstate Spur: Local","I 476-587"
"229","I.587.NY",1,1,1,FALSE,1.21,0,0,"Ulster",1,"Interstate Spur",587,"WE","Interstate Spur: Fragment","I 476-587"
"230","I.59",18,16,4,TRUE,445.4,0,1,"Lamar",2,"Interstate Main",59,"SN","Interstate Main: Regional","I 41-74"
"231","I.590",1,1,1,FALSE,5.31,0,1,"Monroe",1,"Interstate Spur",590,"CCW","Interstate Spur: Fragment","I 590-696"
"232","I.595.FL",1,1,1,FALSE,15.42,0,0,"Broward",1,"Interstate Spur",595,"WE","Interstate Spur: Local","I 590-696"
"233","I.595.MD",2,2,1,FALSE,19.3,0,0,"Prince George's",1,"Interstate Spur",595,"WE","Interstate Spur: Local","I 590-696"
"234","I.605",2,2,1,FALSE,26.62,0,0,"Orange",1,"Interstate Spur",605,"SN","Interstate Spur: Local","I 590-696"
"235","I.610.LA",1,1,1,FALSE,3.52,0,0,"Orleans",1,"Interstate Spur",610,"WE","Interstate Spur: Fragment","I 590-696"
"236","I.610.TX",1,1,1,FALSE,38.12,0,0,"Harris",1,"Interstate Spur",610,"CCW","Interstate Spur: Local","I 590-696"
"237","I.630",1,1,1,FALSE,7.82,0,0,"Pulaski",1,"Interstate Spur",630,"WE","Interstate Spur: Fragment","I 590-696"
"238","I.635.KS",3,3,2,TRUE,12.44,0,1,"Johnson",1,"Interstate Spur",635,"SN","Interstate Spur: Local","I 590-696"
"239","I.635.TX",2,2,1,FALSE,36.83,0,0,"Dallas",1,"Interstate Spur",635,"CCW","Interstate Spur: Local","I 590-696"
"240","I.64",74,57,6,TRUE,1001.21,4,6,"Louisa",3,"Interstate Main",64,"WE","Interstate Main: National","I 41-74"
"241","I.640",1,1,1,FALSE,10.13,0,0,"Knox",1,"Interstate Spur",640,"CCW","Interstate Spur: Local","I 590-696"
"242","I.65",48,45,4,TRUE,887.9,0,5,"Shelby",2,"Interstate Main",65,"SN","Interstate Main: Regional","I 41-74"
"243","I.66",6,6,2,TRUE,75.31,0,0,"Warren",1,"Interstate Main",66,"WE","Interstate Main: Local","I 41-74"
"244","I.664",4,4,1,FALSE,20.48,0,0,"Chesapeake, City of",1,"Interstate Spur",664,"SN","Interstate Spur: Local","I 590-696"
"245","I.670.MO",2,2,2,TRUE,3.58,0,1,"Wyandotte",1,"Interstate Spur",670,"WE","Interstate Spur: Fragment","I 590-696"
"246","I.670.OH",1,1,1,FALSE,10.46,0,0,"Franklin",1,"Interstate Spur",670,"WE","Interstate Spur: Local","I 590-696"
"247","I.675.GA",3,3,1,FALSE,10.05,0,0,"Henry",1,"Interstate Spur",675,"SN","Interstate Spur: Local","I 590-696"
"248","I.675.MI",1,1,1,FALSE,6.99,0,0,"Saginaw",1,"Interstate Spur",675,"CCW","Interstate Spur: Fragment","I 590-696"
"249","I.675.OH",3,3,1,FALSE,25.21,0,0,"Montgomery",1,"Interstate Spur",675,"SN","Interstate Spur: Local","I 590-696"
"250","I.676",2,2,2,TRUE,7.55,0,0,"Philadelphia",1,"Interstate Spur",676,"WE","Interstate Spur: Fragment","I 590-696"
"251","I.678",2,2,1,FALSE,14.22,0,0,"Queens",1,"Interstate Spur",678,"SN","Interstate Spur: Local","I 590-696"
"252","I.68",5,5,2,TRUE,111.48,0,1,"Monongalia",1,"Interstate Main",68,"WE","Interstate Main: Local","I 41-74"
"253","I.680.CA",4,4,1,FALSE,70.76,0,0,"Santa Clara",1,"Interstate Spur",680,"SN","Interstate Spur: Local","I 590-696"
"254","I.680.NE",2,2,2,TRUE,16,0,0,"Douglas",1,"Interstate Spur",680,"CCW","Interstate Spur: Local","I 590-696"
"255","I.680.OH",1,1,1,FALSE,17.07,0,0,"Mahoning",1,"Interstate Spur",680,"CCW","Interstate Spur: Local","I 590-696"
"256","I.684",4,3,2,TRUE,27.65,0,0,"Westchester",2,"Interstate Spur",684,"SN","Interstate Spur: Local","I 590-696"
"257","I.69.KY",10,10,1,FALSE,151.85,0,0,"Fulton",1,"Interstate Main",69,"SN","Interstate Main: Regional","I 41-74"
"258","I.69.MS",3,3,2,TRUE,38.09,0,0,"Tunica",1,"Interstate Main",69,"SN","Interstate Main: Local","I 41-74"
"259","I.69.N",28,27,2,TRUE,545.76,4,5,"Vanderburgh",2,"Interstate Main",69,"SN","Interstate Main: Regional","I 41-74"
"260","I.69.TX",4,4,1,FALSE,83.58,0,0,"Fort Bend",1,"Interstate Main",69,"SN","Interstate Main: Local","I 41-74"
"261","I.690",1,1,1,FALSE,13.27,0,0,"Onondaga",1,"Interstate Spur",690,"WE","Interstate Spur: Local","I 590-696"
"262","I.691",3,3,1,FALSE,8.06,0,0,"Naugatuck Valley",1,"Interstate Spur",691,"WE","Interstate Spur: Fragment","I 590-696"
"263","I.694",4,4,1,FALSE,30.14,0,1,"Hennepin",1,"Interstate Spur",694,"CCW","Interstate Spur: Local","I 590-696"
"264","I.695.DC",1,1,1,FALSE,2.29,0,0,"District of Columbia",1,"Interstate Spur",695,"CCW","Interstate Spur: Fragment","I 590-696"
"265","I.695.MD",4,3,1,FALSE,51.73,0,0,"Anne Arundel",2,"Interstate Spur",695,"CCW","Interstate Spur: Local","I 590-696"
"266","I.695.NY",1,1,1,FALSE,1.82,0,0,"Bronx",1,"Interstate Spur",695,"SN","Interstate Spur: Fragment","I 590-696"
"267","I.696",2,2,1,FALSE,28.95,0,0,"Oakland",1,"Interstate Spur",696,"WE","Interstate Spur: Local","I 590-696"
"268","I.69C",1,1,1,FALSE,17.55,0,0,"Hidalgo",1,"Interstate Main",69,"SN","Interstate Main: Local","I 41-74"
"269","I.69E",8,8,1,FALSE,223.36,0,0,"Cameron",1,"Interstate Main",69,"SN","Interstate Main: Regional","I 41-74"
"270","I.69W",1,1,1,FALSE,3.36,0,0,"Webb",1,"Interstate Main",69,"WE","Interstate Main: Fragment","I 41-74"
"271","I.70",86,76,10,TRUE,2172.52,0,10,"Lincoln",2,"Interstate Main",70,"WE","Interstate Main: National","I 41-74"
"272","I.705",1,1,1,FALSE,1.63,0,1,"Pierce",1,"Interstate Spur",705,"SN","Interstate Spur: Fragment","I 705-990"
"273","I.71",23,23,2,TRUE,345.44,0,3,"Jefferson",1,"Interstate Main",71,"SN","Interstate Main: Regional","I 41-74"
"274","I.710",1,1,1,FALSE,24.07,0,0,"Los Angeles",1,"Interstate Spur",710,"SN","Interstate Spur: Local","I 705-990"
"275","I.72",8,8,2,TRUE,183.41,0,0,"Marion",1,"Interstate Main",72,"WE","Interstate Main: Regional","I 41-74"
"276","I.73",5,5,1,FALSE,107.5,0,0,"Richmond",1,"Interstate Main",73,"SN","Interstate Main: Local","I 41-74"
"277","I.74.E",9,8,1,FALSE,131.88,0,0,"Gap",2,"Interstate Main",74,"WE","Interstate Main: Local","I 41-74"
"278","I.74.W",25,25,4,TRUE,414.84,0,0,"Scott",1,"Interstate Main",74,"WE","Interstate Main: Regional","I 41-74"
"279","I.75",87,78,6,TRUE,1780.61,4,6,"Monroe",4,"Interstate Main",75,"SN","Interstate Main: National","I 75-99"
"280","I.759",1,1,1,FALSE,4.36,0,0,"Etowah",1,"Interstate Spur",759,"WE","Interstate Spur: Fragment","I 705-990"
"281","I.76.E",24,24,3,TRUE,435.06,0,0,"Medina",1,"Interstate Main",76,"WE","Interstate Main: Regional","I 75-99"
"282","I.76.W",10,9,2,TRUE,187.21,0,4,"Jefferson",2,"Interstate Main",76,"WE","Interstate Main: Regional","I 75-99"
"283","I.77",25,25,5,TRUE,614.8,1,2,"Lexington",1,"Interstate Main",77,"SN","Interstate Main: Regional","I 75-99"
"284","I.78",13,11,3,TRUE,145.08,0,0,"Union",2,"Interstate Main",78,"WE","Interstate Main: Local","I 75-99"
"285","I.780",1,1,1,FALSE,6.74,0,0,"Solano",1,"Interstate Spur",780,"WE","Interstate Spur: Fragment","I 705-990"
"286","I.781",1,1,1,FALSE,4.39,0,1,"Jefferson",1,"Interstate Spur",781,"WE","Interstate Spur: Fragment","I 705-990"
"287","I.785",1,1,1,FALSE,7,0,0,"Guilford",1,"Interstate Spur",785,"CCW","Interstate Spur: Fragment","I 705-990"
"288","I.787",2,2,1,FALSE,10.11,0,0,"Albany",1,"Interstate Spur",787,"SN","Interstate Spur: Local","I 705-990"
"289","I.79",19,17,2,TRUE,344.16,1,2,"Braxton",2,"Interstate Main",79,"SN","Interstate Main: Regional","I 75-99"
"290","I.790",1,1,1,FALSE,2.24,0,0,"Oneida",1,"Interstate Spur",790,"CCW","Interstate Spur: Fragment","I 705-990"
"291","I.794",1,1,1,FALSE,3.72,0,0,"Milwaukee",1,"Interstate Spur",794,"CCW","Interstate Spur: Fragment","I 705-990"
"292","I.795.FL",2,2,1,FALSE,7.84,0,0,"St. Johns",1,"Interstate Spur",795,"SN","Interstate Spur: Fragment","I 705-990"
"293","I.795.MD",1,1,1,FALSE,9.01,0,0,"Baltimore",1,"Interstate Spur",795,"SN","Interstate Spur: Fragment","I 705-990"
"294","I.795.NC",2,2,1,FALSE,25.38,0,1,"Wayne",1,"Interstate Spur",795,"SN","Interstate Spur: Local","I 705-990"
"295","I.8",9,5,2,TRUE,350.23,0,0,"San Diego",3,"Interstate Main",8,"WE","Interstate Main: Regional","I 2-40"
"296","I.80",114,100,11,TRUE,2902.6,3,7,"Venango",3,"Interstate Main",80,"WE","Interstate Main: National","I 75-99"
"297","I.805",1,1,1,FALSE,29.08,0,0,"San Diego",1,"Interstate Spur",805,"SN","Interstate Spur: Local","I 705-990"
"298","I.81",41,35,6,TRUE,865.83,0,6,"Washington",4,"Interstate Main",81,"SN","Interstate Main: Regional","I 75-99"
"299","I.82",4,4,2,TRUE,142.1,0,0,"Kittitas",1,"Interstate Main",82,"WE","Interstate Main: Local","I 75-99"
"300","I.820",1,1,1,FALSE,35.74,0,0,"Tarrant",1,"Interstate Spur",820,"CCW","Interstate Spur: Local","I 705-990"
"301","I.83",5,5,2,TRUE,84.23,0,0,"Baltimore, City of",1,"Interstate Main",83,"SN","Interstate Main: Local","I 75-99"
"302","I.84.E",12,12,4,TRUE,230.62,0,0,"Lackawanna",1,"Interstate Main",84,"WE","Interstate Main: Regional","I 75-99"
"303","I.84.W",24,24,3,TRUE,769.73,1,0,"Multnomah",1,"Interstate Main",84,"WE","Interstate Main: Regional","I 75-99"
"304","I.840.NC",1,1,1,FALSE,22.43,0,0,"Guilford",1,"Interstate Spur",840,"CCW","Interstate Spur: Local","I 705-990"
"305","I.840.TN",5,5,1,FALSE,76.74,0,1,"Dickson",1,"Interstate Spur",840,"CCW","Interstate Spur: Local","I 705-990"
"306","I.85",45,39,5,TRUE,677.88,0,2,"Fulton",3,"Interstate Main",85,"SN","Interstate Main: Regional","I 75-99"
"307","I.86.ID",3,3,1,FALSE,62.56,0,0,"Cassia",1,"Interstate Main",86,"WE","Interstate Main: Local","I 75-99"
"308","I.86.NY",10,9,2,TRUE,258.4,2,0,"Tioga",2,"Interstate Main",86,"WE","Interstate Main: Regional","I 75-99"
"309","I.865",1,1,1,FALSE,5.09,0,0,"Boone",1,"Interstate Spur",865,"WE","Interstate Spur: Fragment","I 705-990"
"310","I.87.NC",1,1,1,FALSE,13.85,0,0,"Wake",1,"Interstate Main",87,"WE","Interstate Main: Local","I 75-99"
"311","I.87.NY",11,11,1,FALSE,336.39,0,1,"Bronx",1,"Interstate Main",87,"SN","Interstate Main: Regional","I 75-99"
"312","I.88.IL",10,8,1,FALSE,140.68,0,0,"Rock Island",2,"Interstate Main",88,"WE","Interstate Main: Local","I 75-99"
"313","I.88.NY",8,6,1,FALSE,117.55,1,0,"Delaware",2,"Interstate Main",88,"WE","Interstate Main: Local","I 75-99"
"314","I.880.CA",2,2,1,FALSE,46.5,0,0,"Santa Clara",1,"Interstate Spur",880,"SN","Interstate Spur: Local","I 705-990"
"315","I.880.IA",1,1,1,FALSE,16,0,0,"Pottawattamie",1,"Interstate Spur",880,"WE","Interstate Spur: Local","I 705-990"
"316","I.885",1,1,1,FALSE,8.43,0,0,"Durham",1,"Interstate Spur",885,"SN","Interstate Spur: Fragment","I 705-990"
"317","I.89",8,8,2,TRUE,191.46,1,1,"Merrimack",1,"Interstate Main",89,"SN","Interstate Main: Regional","I 75-99"
"318","I.890",2,2,1,FALSE,8.16,0,0,"Schenectady",1,"Interstate Spur",890,"CCW","Interstate Spur: Fragment","I 705-990"
"319","I.894",1,1,1,FALSE,8.27,0,0,"Milwaukee",1,"Interstate Spur",894,"CCW","Interstate Spur: Fragment","I 705-990"
"320","I.895",4,4,1,FALSE,14.98,0,0,"Howard",1,"Interstate Spur",895,"CCW","Interstate Spur: Local","I 705-990"
"321","I.90",107,93,13,TRUE,3080.36,9,10,"Erie",3,"Interstate Main",90,"WE","Interstate Main: National","I 75-99"
"322","I.91",11,11,3,TRUE,292.77,0,0,"South Central Connecticut",1,"Interstate Main",91,"SN","Interstate Main: Regional","I 75-99"
"323","I.93",16,10,3,TRUE,189.75,0,0,"Middlesex",3,"Interstate Main",93,"SN","Interstate Main: Regional","I 75-99"
"324","I.94",56,54,7,TRUE,1607.11,6,7,"Jackson",2,"Interstate Main",94,"WE","Interstate Main: National","I 75-99"
"325","I.95",105,94,16,TRUE,1901.18,0,2,"Middlesex",3,"Interstate Main",95,"SN","Interstate Main: National","I 75-99"
"326","I.96",10,10,1,FALSE,191.84,1,1,"Muskegon",1,"Interstate Main",96,"WE","Interstate Main: Regional","I 75-99"
"327","I.97",1,1,1,FALSE,16.41,0,0,"Anne Arundel",1,"Interstate Main",97,"SN","Interstate Main: Local","I 75-99"
"328","I.980",1,1,1,FALSE,1.43,0,0,"Alameda",1,"Interstate Spur",980,"SN","Interstate Spur: Fragment","I 705-990"
"329","I.985",2,2,1,FALSE,24.54,0,0,"Gwinnett",1,"Interstate Spur",985,"SN","Interstate Spur: Local","I 705-990"
"330","I.99",5,5,2,TRUE,97.55,0,0,"Bedford",1,"Interstate Main",99,"SN","Interstate Main: Local","I 75-99"
"331","I.990",1,1,1,FALSE,5.49,0,0,"Erie",1,"Interstate Spur",990,"WE","Interstate Spur: Fragment","I 705-990"
"332","US.1",103,92,15,TRUE,2373.17,3,5,"Chesterfield",3,"US Main",1,"SN","US Main: National","US 1-16"
"333","US.10",35,33,5,TRUE,713.17,6,3,"Todd",2,"US Main",10,"WE","US Main: Regional","US 1-16"
"334","US.101",30,27,3,TRUE,1528.04,13,4,"Jefferson",3,"US Main",101,"SN","US Main: National","US 77-101"
"335","US.11.E",82,69,10,TRUE,1676.53,0,8,"Jefferson",3,"US Main",11,"SN","US Main: National","US 1-16"
"336","US.11.W",79,69,10,TRUE,1666.46,0,6,"Tuscaloosa",2,"US Main",11,"SN","US Main: National","US 1-16"
"337","US.113",3,3,2,TRUE,75.06,0,0,"Worcester",1,"US Spur",113,"SN","US Spur: Local","US 113-178"
"338","US.117",5,5,1,FALSE,113.74,0,1,"New Hanover",1,"US Spur",117,"SN","US Spur: Local","US 113-178"
"339","US.117A",2,2,1,FALSE,12.78,0,0,"Duplin",1,"US Spur",117,"SN","US Spur: Local","US 113-178"
"340","US.119",30,23,3,TRUE,554.2,0,4,"Pike",3,"US Spur",119,"SN","US Spur: Regional","US 113-178"
"341","US.11E",8,8,2,TRUE,121.17,0,2,"Knox",1,"US Main",11,"SN","US Main: Local","US 1-16"
"342","US.11W",5,5,2,TRUE,111.39,0,0,"Knox",1,"US Main",11,"SN","US Main: Local","US 1-16"
"343","US.12",73,69,10,TRUE,2479.47,13,8,"Lewis",2,"US Main",12,"WE","US Main: National","US 1-16"
"344","US.123",5,5,2,TRUE,74.7,1,0,"Habersham",1,"US Spur",123,"WE","US Spur: Local","US 113-178"
"345","US.127",39,35,4,TRUE,750.89,9,4,"Hamilton",2,"US Spur",127,"SN","US Spur: Regional","US 113-178"
"346","US.129",30,29,4,TRUE,581.32,3,2,"Blount",2,"US Spur",129,"SN","US Spur: Regional","US 113-178"
"347","US.129A",4,4,1,FALSE,48.4,0,0,"Pulaski",1,"US Spur",129,"SN","US Spur: Local","US 113-178"
"348","US.13",26,25,5,TRUE,529.07,3,0,"Virginia Beach, City of",2,"US Main",13,"SN","US Main: Regional","US 1-16"
"349","US.130",6,6,1,FALSE,81.73,0,0,"Salem",1,"US Spur",130,"SN","US Spur: Local","US 113-178"
"350","US.131",14,14,2,TRUE,270.87,4,0,"Elkhart",1,"US Spur",131,"SN","US Spur: Regional","US 113-178"
"351","US.136",35,35,5,TRUE,801.27,8,3,"Furnas",1,"US Spur",136,"WE","US Spur: Regional","US 113-178"
"352","US.138",3,3,2,TRUE,71.25,0,0,"Logan",1,"US Spur",138,"WE","US Spur: Local","US 113-178"
"353","US.14",40,40,5,TRUE,1399.28,5,2,"Park",1,"US Main",14,"WE","US Main: National","US 1-16"
"354","US.141",7,7,2,TRUE,175.19,0,0,"Brown",1,"US Spur",141,"SN","US Spur: Regional","US 113-178"
"355","US.14A.SD",2,2,1,FALSE,44.29,0,0,"Lawrence",1,"US Main",14,"WE","US Main: Local","US 1-16"
"356","US.14A.WY",2,2,1,FALSE,83.72,0,0,"Park",1,"US Main",14,"WE","US Main: Local","US 1-16"
"357","US.15",43,39,6,TRUE,800.46,0,2,"Lee",2,"US Main",15,"SN","US Main: Regional","US 1-16"
"358","US.150",31,28,3,TRUE,563.27,3,5,"Knox",2,"US Spur",150,"WE","US Spur: Regional","US 113-178"
"359","US.151",14,13,2,TRUE,323.99,2,1,"Iowa",2,"US Spur",151,"SN","US Spur: Regional","US 113-178"
"360","US.158",17,17,1,FALSE,350.52,1,0,"Davie",1,"US Spur",158,"WE","US Spur: Regional","US 113-178"
"361","US.159",5,5,3,TRUE,84.89,0,1,"Jefferson",1,"US Spur",159,"SN","US Spur: Local","US 113-178"
"362","US.16",12,10,2,TRUE,487.03,0,1,"Big Horn",2,"US Main",16,"WE","US Main: Regional","US 1-16"
"363","US.160",41,41,5,TRUE,1466.13,10,1,"Coconino",1,"US Spur",160,"WE","US Spur: National","US 113-178"
"364","US.163",2,2,2,TRUE,64.53,0,0,"Navajo",1,"US Spur",163,"SN","US Spur: Local","US 113-178"
"365","US.165",19,17,2,TRUE,400.93,1,1,"Drew",2,"US Spur",165,"SN","US Spur: Regional","US 113-178"
"366","US.166",7,7,2,TRUE,163.99,1,0,"Sumner",1,"US Spur",166,"WE","US Spur: Regional","US 113-178"
"367","US.167",25,20,2,TRUE,504.57,3,6,"Grant",2,"US Spur",167,"SN","US Spur: Regional","US 113-178"
"368","US.169",48,42,5,TRUE,966.47,7,5,"Blue Earth",3,"US Spur",169,"SN","US Spur: Regional","US 113-178"
"369","US.16A",4,2,1,FALSE,36.71,0,0,"Custer",2,"US Main",16,"WE","US Main: Local","US 1-16"
"370","US.17",54,52,5,TRUE,1208.5,6,1,"Camden",2,"US Main",17,"SN","US Main: National","US 17-34"
"371","US.171",6,6,1,FALSE,176.64,2,0,"Calcasieu",1,"US Spur",171,"SN","US Spur: Regional","US 113-178"
"372","US.175",5,5,1,FALSE,110.02,1,0,"Dallas",1,"US Spur",175,"WE","US Spur: Local","US 113-178"
"373","US.176",11,11,2,TRUE,235.15,1,1,"Henderson",1,"US Spur",176,"WE","US Spur: Regional","US 113-178"
"374","US.177",13,13,2,TRUE,232.53,0,2,"Marshall",1,"US Spur",177,"SN","US Spur: Regional","US 113-178"
"375","US.178",9,9,2,TRUE,237.13,1,0,"Transylvania",1,"US Spur",178,"WE","US Spur: Regional","US 113-178"
"376","US.17A",7,7,1,FALSE,124.12,0,0,"Beaufort",1,"US Main",17,"SN","US Main: Local","US 17-34"
"377","US.18",33,33,4,TRUE,1043.65,4,3,"Converse",1,"US Main",18,"WE","US Main: National","US 17-34"
"378","US.180",22,22,3,TRUE,1093.35,1,1,"Coconino",1,"US Spur",180,"WE","US Spur: National","US 180-259"
"379","US.181",6,6,1,FALSE,135.98,1,1,"Nueces",1,"US Spur",181,"SN","US Spur: Local","US 180-259"
"380","US.183",43,40,5,TRUE,1241.86,4,0,"Brown",2,"US Spur",183,"SN","US Spur: National","US 180-259"
"381","US.189",7,7,2,TRUE,312.26,0,1,"Utah",1,"US Spur",189,"SN","US Spur: Regional","US 180-259"
"382","US.19.E",64,57,7,TRUE,1386.44,0,11,"Taylor",2,"US Main",19,"SN","US Main: National","US 17-34"
"383","US.19.W",64,57,7,TRUE,1358.74,0,12,"Washington",3,"US Main",19,"SN","US Main: National","US 17-34"
"384","US.190",31,31,2,TRUE,873.58,4,3,"Pecos",1,"US Spur",190,"WE","US Spur: Regional","US 180-259"
"385","US.191",27,22,4,TRUE,1651.47,1,0,"Fergus",3,"US Spur",191,"SN","US Spur: National","US 180-259"
"386","US.192",5,5,1,FALSE,74.47,0,1,"Lake",1,"US Spur",192,"WE","US Spur: Local","US 180-259"
"387","US.195",3,3,2,TRUE,94.03,1,0,"Nez Perce",1,"US Spur",195,"SN","US Spur: Local","US 180-259"
"388","US.197",2,2,2,TRUE,63.8,0,0,"Wasco",1,"US Spur",197,"SN","US Spur: Local","US 180-259"
"389","US.199",2,2,2,TRUE,79.9,0,0,"Del Norte",1,"US Spur",199,"SN","US Spur: Local","US 180-259"
"390","US.19A",2,2,1,FALSE,37.01,0,0,"Pinellas",1,"US Main",19,"SN","US Main: Local","US 17-34"
"391","US.19E",5,5,2,TRUE,75.9,0,1,"Yancey",1,"US Main",19,"SN","US Main: Local","US 17-34"
"392","US.19W",5,5,2,TRUE,62.9,0,2,"Yancey",1,"US Main",19,"SN","US Main: Local","US 17-34"
"393","US.1A.ME.N",1,1,1,FALSE,50.52,0,0,"Aroostook",1,"US Main",1,"SN","US Main: Local","US 1-16"
"394","US.1A.ME.S",3,3,1,FALSE,50.73,0,0,"Waldo",1,"US Main",1,"SN","US Main: Local","US 1-16"
"395","US.1A.RI",1,1,1,FALSE,11.72,0,0,"Providence",1,"US Main",1,"SN","US Main: Local","US 1-16"
"396","US.2.E",14,12,4,TRUE,458.82,2,2,"Oxford",2,"US Main",2,"WE","US Main: Regional","US 1-16"
"397","US.2.W",51,47,7,TRUE,2113.41,11,7,"Douglas",2,"US Main",2,"WE","US Main: National","US 1-16"
"398","US.20",111,98,12,TRUE,3196.59,12,7,"Lake",3,"US Main",20,"WE","US Main: National","US 17-34"
"399","US.201",4,4,1,FALSE,158.39,0,0,"Cumberland",1,"US Spur",201,"SN","US Spur: Regional","US 180-259"
"400","US.201A",1,1,1,FALSE,26.24,0,0,"Somerset",1,"US Spur",201,"SN","US Spur: Local","US 180-259"
"401","US.202",33,32,8,TRUE,629.09,1,0,"Rockland",2,"US Spur",202,"SN","US Spur: Regional","US 180-259"
"402","US.206",7,7,2,TRUE,132.09,0,0,"Atlantic",1,"US Spur",206,"SN","US Spur: Local","US 180-259"
"403","US.209",8,8,2,TRUE,212.32,1,1,"Dauphin",1,"US Spur",209,"SN","US Spur: Regional","US 180-259"
"404","US.20A.NY",4,4,1,FALSE,82.99,1,0,"Erie",1,"US Main",20,"WE","US Main: Local","US 17-34"
"405","US.20A.OH",3,3,1,FALSE,52.34,0,0,"Williams",1,"US Main",20,"WE","US Main: Local","US 17-34"
"406","US.21",21,19,3,TRUE,393.96,0,0,"Calhoun",2,"US Main",21,"SN","US Main: Regional","US 17-34"
"407","US.211",5,5,1,FALSE,58.98,0,0,"Shenandoah",1,"US Spur",211,"WE","US Spur: Local","US 180-259"
"408","US.212",29,26,4,TRUE,949.25,8,1,"Park",2,"US Spur",212,"WE","US Spur: Regional","US 180-259"
"409","US.218",14,14,2,TRUE,320.79,2,2,"Lee",1,"US Spur",218,"SN","US Spur: Regional","US 180-259"
"410","US.219",19,17,5,TRUE,517.66,2,3,"Clearfield",2,"US Spur",219,"SN","US Spur: Regional","US 180-259"
"411","US.22",34,31,4,TRUE,649.14,1,4,"Warren",2,"US Main",22,"WE","US Main: Regional","US 17-34"
"412","US.220",29,27,5,TRUE,679.52,3,2,"Roanoke",2,"US Spur",220,"SN","US Spur: Regional","US 180-259"
"413","US.220A.NC",2,2,1,FALSE,27.35,0,0,"Montgomery",1,"US Spur",220,"SN","US Spur: Local","US 180-259"
"414","US.220A.PA",1,1,1,FALSE,21.37,0,0,"Centre",1,"US Spur",220,"SN","US Spur: Local","US 180-259"
"415","US.220A.VA",3,3,1,FALSE,10.06,0,0,"Roanoke, City of",1,"US Spur",220,"SN","US Spur: Local","US 180-259"
"416","US.221",40,38,5,TRUE,731.19,1,5,"Jefferson",2,"US Spur",221,"SN","US Spur: Regional","US 180-259"
"417","US.222",4,4,2,TRUE,95.52,0,0,"Cecil",1,"US Spur",222,"SN","US Spur: Local","US 180-259"
"418","US.223",3,3,2,TRUE,46.99,0,1,"Lucas",1,"US Spur",223,"SN","US Spur: Local","US 180-259"
"419","US.224",14,14,3,TRUE,286.73,0,1,"Huntington",1,"US Spur",224,"WE","US Spur: Regional","US 180-259"
"420","US.23",74,66,8,TRUE,1410.02,9,7,"Appling",2,"US Main",23,"SN","US Main: National","US 17-34"
"421","US.231",46,40,5,TRUE,916.37,2,6,"Lincoln",3,"US Spur",231,"SN","US Spur: Regional","US 180-259"
"422","US.24",60,59,7,TRUE,1555.78,8,7,"Monroe",2,"US Main",24,"WE","US Main: National","US 17-34"
"423","US.25",28,26,5,TRUE,607.22,0,3,"Madison",2,"US Main",25,"SN","US Main: Regional","US 17-34"
"424","US.25.E",34,32,5,TRUE,709.98,0,4,"Madison",2,"US Main",25,"SN","US Main: Regional","US 17-34"
"425","US.250",35,29,3,TRUE,513.09,2,3,"Augusta",3,"US Spur",250,"WE","US Spur: Regional","US 180-259"
"426","US.258",16,15,2,TRUE,227.19,0,0,"Southampton",2,"US Spur",258,"SN","US Spur: Regional","US 180-259"
"427","US.259",9,9,2,TRUE,252.6,0,0,"Nacogdoches",1,"US Spur",259,"SN","US Spur: Regional","US 180-259"
"428","US.25E",8,8,2,TRUE,109.91,0,1,"Cocke",1,"US Main",25,"SN","US Main: Local","US 17-34"
"429","US.25W",14,8,2,TRUE,285.66,0,2,"Jefferson",2,"US Main",25,"SN","US Main: Regional","US 17-34"
"430","US.26",36,34,4,TRUE,1496.18,4,6,"Washington",2,"US Main",26,"WE","US Main: National","US 17-34"
"431","US.264",9,9,1,FALSE,218.21,1,1,"Wake",1,"US Spur",264,"WE","US Spur: Regional","US 264-350"
"432","US.264A.E",1,1,1,FALSE,10.23,0,0,"Pitt",1,"US Spur",264,"WE","US Spur: Local","US 264-350"
"433","US.264A.W",4,4,1,FALSE,31.36,0,1,"Wake",1,"US Spur",264,"WE","US Spur: Local","US 264-350"
"434","US.266",3,3,1,FALSE,43.21,0,0,"Okmulgee",1,"US Spur",266,"WE","US Spur: Local","US 264-350"
"435","US.27",64,58,6,TRUE,1352.28,16,8,"Walker",3,"US Main",27,"SN","US Main: National","US 17-34"
"436","US.270",23,23,3,TRUE,644.76,1,3,"Seward",1,"US Spur",270,"WE","US Spur: Regional","US 264-350"
"437","US.271",12,12,3,TRUE,297.04,1,0,"Smith",1,"US Spur",271,"SN","US Spur: Regional","US 264-350"
"438","US.275",11,11,3,TRUE,266.28,2,1,"Atchison",1,"US Spur",275,"SN","US Spur: Regional","US 264-350"
"439","US.276",3,3,2,TRUE,106.3,0,0,"Greenville",1,"US Spur",276,"SN","US Spur: Local","US 264-350"
"440","US.277",23,23,2,TRUE,629.81,0,1,"Dimmit",1,"US Spur",277,"SN","US Spur: Regional","US 264-350"
"441","US.278",53,48,5,TRUE,1073.93,5,4,"Polk",2,"US Spur",278,"WE","US Spur: National","US 264-350"
"442","US.27A.FL",4,4,1,FALSE,92.46,0,1,"Levy",1,"US Main",27,"SN","US Main: Local","US 17-34"
"443","US.27A.GA",8,6,1,FALSE,93.9,0,0,"Harris",2,"US Main",27,"SN","US Main: Local","US 17-34"
"444","US.280",23,23,2,TRUE,387.3,2,1,"Jefferson",1,"US Spur",280,"WE","US Spur: Regional","US 264-350"
"445","US.281",58,58,6,TRUE,1854.4,12,1,"Cameron",1,"US Spur",281,"SN","US Spur: National","US 264-350"
"446","US.283",23,23,4,TRUE,720.7,5,2,"McCulloch",1,"US Spur",283,"SN","US Spur: Regional","US 264-350"
"447","US.285",34,23,3,TRUE,839.98,1,2,"Rio Arriba",5,"US Spur",285,"SN","US Spur: Regional","US 264-350"
"448","US.287",53,49,5,TRUE,1889,5,8,"Jefferson",2,"US Spur",287,"SN","US Spur: National","US 264-350"
"449","US.29",60,53,8,TRUE,1043.2,2,3,"Escambia",2,"US Main",29,"SN","US Main: National","US 17-34"
"450","US.290",15,11,1,FALSE,276.5,1,3,"Fayette",3,"US Spur",290,"WE","US Spur: Regional","US 264-350"
"451","US.2A",1,1,1,FALSE,43.6,0,0,"Aroostook",1,"US Main",2,"WE","US Main: Local","US 1-16"
"452","US.3",6,6,2,TRUE,278.9,0,0,"Middlesex",1,"US Main",3,"SN","US Main: Regional","US 1-16"
"453","US.30",101,93,11,TRUE,3071.3,6,6,"Cassia",2,"US Main",30,"WE","US Main: National","US 17-34"
"454","US.301",56,54,7,TRUE,1102.9,5,1,"Marion",2,"US Spur",301,"SN","US Spur: National","US 264-350"
"455","US.302",8,8,3,TRUE,168.4,1,1,"Washington",1,"US Spur",302,"WE","US Spur: Regional","US 264-350"
"456","US.31",47,46,5,TRUE,1102.4,5,5,"Jefferson",2,"US Main",31,"SN","US Main: National","US 17-34"
"457","US.310",4,4,2,TRUE,102.6,0,0,"Big Horn",1,"US Spur",310,"SN","US Spur: Local","US 264-350"
"458","US.311",4,4,2,TRUE,65.3,0,0,"Forsyth",1,"US Spur",311,"SN","US Spur: Local","US 264-350"
"459","US.319",16,16,2,TRUE,313,1,2,"Franklin",1,"US Spur",319,"SN","US Spur: Regional","US 264-350"
"460","US.31E",11,10,2,TRUE,191.7,0,1,"Bullitt",2,"US Main",31,"SN","US Main: Regional","US 17-34"
"461","US.31W",13,12,2,TRUE,183.2,0,1,"Hardin",2,"US Main",31,"SN","US Main: Regional","US 17-34"
"462","US.321",25,25,3,TRUE,516.3,1,4,"Jasper",1,"US Spur",321,"SN","US Spur: Regional","US 264-350"
"463","US.321A",1,1,1,FALSE,11.7,0,0,"Caldwell",1,"US Spur",321,"SN","US Spur: Local","US 264-350"
"464","US.322",22,20,3,TRUE,484.5,0,1,"Crawford",2,"US Spur",322,"WE","US Spur: Regional","US 264-350"
"465","US.33",35,32,4,TRUE,697.4,1,2,"Hocking",2,"US Main",33,"WE","US Main: Regional","US 17-34"
"466","US.331",4,4,2,TRUE,151.5,0,0,"Walton",1,"US Spur",331,"SN","US Spur: Regional","US 264-350"
"467","US.34",44,42,4,TRUE,1126.6,5,5,"Adams",2,"US Main",34,"WE","US Main: National","US 17-34"
"468","US.340",12,10,3,TRUE,155.9,1,2,"Augusta",2,"US Spur",340,"SN","US Spur: Regional","US 264-350"
"469","US.341",12,12,1,FALSE,222.2,0,1,"Glynn",1,"US Spur",341,"SN","US Spur: Regional","US 264-350"
"470","US.35",19,19,3,TRUE,413.9,3,2,"Putnam",1,"US Main",35,"SN","US Main: Regional","US 35-58"
"471","US.350",2,2,1,FALSE,72.4,0,0,"Las Animas",1,"US Spur",350,"SN","US Spur: Local","US 264-350"
"472","US.36",62,55,6,TRUE,1398.4,9,9,"Marion",4,"US Main",36,"WE","US Main: National","US 35-58"
"473","US.360",17,17,1,FALSE,224.9,6,0,"Danville, City of",1,"US Spur",360,"WE","US Spur: Regional","US 360-730"
"474","US.371",9,9,2,TRUE,217.3,0,0,"De Soto",1,"US Spur",371,"SN","US Spur: Regional","US 360-730"
"475","US.377",21,21,2,TRUE,599.2,1,2,"Val Verde",1,"US Spur",377,"SN","US Spur: Regional","US 360-730"
"476","US.378",14,13,2,TRUE,232.3,1,1,"Florence",2,"US Spur",378,"WE","US Spur: Regional","US 360-730"
"477","US.380",18,18,2,TRUE,676.8,2,1,"Socorro",1,"US Spur",380,"WE","US Spur: Regional","US 360-730"
"478","US.385",35,33,5,TRUE,1196.9,2,0,"Crane",2,"US Spur",385,"SN","US Spur: National","US 360-730"
"479","US.395",25,21,4,TRUE,1294.5,4,3,"Lake",3,"US Spur",395,"SN","US Spur: National","US 360-730"
"480","US.4",10,9,3,TRUE,251.4,1,1,"Rockingham",2,"US Main",4,"WE","US Main: Regional","US 1-16"
"481","US.40",92,79,12,TRUE,2302.03,5,10,"Grand",2,"US Main",40,"WE","US Main: National","US 35-58"
"482","US.400",18,18,3,TRUE,482.1,0,2,"Prowers",1,"US Spur",400,"WE","US Spur: Regional","US 360-730"
"483","US.401",11,11,2,TRUE,253.1,0,0,"Sumter",1,"US Spur",401,"SN","US Spur: Regional","US 360-730"
"484","US.41",85,79,8,TRUE,2007.9,4,3,"Monroe",2,"US Main",41,"SN","US Main: National","US 35-58"
"485","US.411",16,15,3,TRUE,310.5,0,4,"Jefferson",2,"US Spur",411,"SN","US Spur: Regional","US 360-730"
"486","US.412",46,40,5,TRUE,1117.27,3,4,"Noble",2,"US Spur",412,"WE","US Spur: National","US 360-730"
"487","US.41A",16,13,2,TRUE,174.5,0,0,"Cheatham",3,"US Main",41,"SN","US Main: Regional","US 35-58"
"488","US.42",22,22,2,TRUE,350.5,0,2,"Jefferson",1,"US Main",42,"WE","US Main: Regional","US 35-58"
"489","US.421",50,43,5,TRUE,944.8,5,6,"New Hanover",2,"US Spur",421,"SN","US Spur: Regional","US 360-730"
"490","US.422.E",6,5,1,FALSE,82.4,0,0,"Montgomery",2,"US Spur",422,"WE","US Spur: Local","US 360-730"
"491","US.422.W",10,10,2,TRUE,187.1,1,0,"Cuyahoga",1,"US Spur",422,"WE","US Spur: Regional","US 360-730"
"492","US.425",10,10,3,TRUE,214,1,3,"Adams",1,"US Spur",425,"SN","US Spur: Regional","US 360-730"
"493","US.43",13,13,2,TRUE,405.6,2,1,"Mobile",1,"US Main",43,"SN","US Main: Regional","US 35-58"
"494","US.431",28,21,3,TRUE,556.5,3,2,"Lee",3,"US Spur",431,"SN","US Spur: Regional","US 360-730"
"495","US.44",8,8,4,TRUE,235,0,0,"Ulster",1,"US Main",44,"WE","US Main: Regional","US 35-58"
"496","US.441",45,38,4,TRUE,930.9,1,2,"Anderson",4,"US Spur",441,"SN","US Spur: Regional","US 360-730"
"497","US.45",59,55,8,TRUE,1222.1,8,6,"Washington",2,"US Main",45,"SN","US Main: National","US 35-58"
"498","US.45A",7,6,1,FALSE,62.8,2,2,"Monroe",2,"US Main",45,"SN","US Main: Local","US 35-58"
"499","US.45E",4,4,1,FALSE,59.6,1,1,"Madison",1,"US Main",45,"SN","US Main: Local","US 35-58"
"500","US.45W",3,3,1,FALSE,63.5,0,1,"Madison",1,"US Main",45,"SN","US Main: Local","US 35-58"
"501","US.46",5,5,1,FALSE,74.7,0,0,"Warren",1,"US Main",46,"WE","US Main: Local","US 35-58"
"502","US.460",37,34,3,TRUE,644.2,5,2,"Montgomery",2,"US Spur",460,"WE","US Spur: Regional","US 360-730"
"503","US.48",8,8,2,TRUE,151,0,1,"Lewis",1,"US Main",48,"WE","US Main: Regional","US 35-58"
"504","US.49",20,20,2,TRUE,426.4,3,3,"Harrison",1,"US Main",49,"SN","US Main: Regional","US 35-58"
"505","US.491",5,4,3,TRUE,193.5,1,1,"San Juan",2,"US Spur",491,"SN","US Spur: Regional","US 360-730"
"506","US.49E",4,4,1,FALSE,89.8,0,0,"Yazoo",1,"US Main",49,"SN","US Main: Local","US 35-58"
"507","US.49W",5,5,1,FALSE,89.6,1,0,"Yazoo",1,"US Main",49,"SN","US Main: Local","US 35-58"
"508","US.5",10,10,3,TRUE,302.6,0,0,"South Central Connecticut",1,"US Main",5,"SN","US Main: Regional","US 1-16"
"509","US.50",108,93,13,TRUE,3022.1,18,11,"Douglas",2,"US Main",50,"WE","US Main: National","US 35-58"
"510","US.501",19,19,3,TRUE,353.3,0,0,"Horry",1,"US Spur",501,"SN","US Spur: Regional","US 360-730"
"511","US.51",57,54,6,TRUE,1269.2,4,6,"Shelby",3,"US Main",51,"SN","US Main: National","US 35-58"
"512","US.52",86,79,11,TRUE,2077.6,10,6,"Mingo",4,"US Main",52,"WE","US Main: National","US 35-58"
"513","US.521",7,7,2,TRUE,175.5,0,0,"Georgetown",1,"US Spur",521,"SN","US Spur: Regional","US 360-730"
"514","US.522",20,17,4,TRUE,308.5,1,1,"Frederick",3,"US Spur",522,"SN","US Spur: Regional","US 360-730"
"515","US.53",9,9,2,TRUE,404.9,0,0,"La Crosse",1,"US Main",53,"SN","US Main: Regional","US 35-58"
"516","US.54",36,35,6,TRUE,1195.9,6,3,"Pike",2,"US Main",54,"WE","US Main: National","US 35-58"
"517","US.550",7,6,2,TRUE,303.8,2,0,"San Juan",2,"US Spur",550,"SN","US Spur: Regional","US 360-730"
"518","US.56",23,23,4,TRUE,640.5,3,3,"Colfax",1,"US Main",56,"WE","US Main: Regional","US 35-58"
"519","US.57",3,3,1,FALSE,99,0,0,"Maverick",1,"US Main",57,"WE","US Main: Local","US 35-58"
"520","US.58",29,25,2,TRUE,508.6,1,2,"Washington",2,"US Main",58,"WE","US Main: Regional","US 35-58"
"521","US.59",74,69,7,TRUE,1922.6,12,8,"Polk",3,"US Main",59,"SN","US Main: National","US 59-76"
"522","US.6",110,102,14,TRUE,3201.41,7,10,"Utah",2,"US Main",6,"WE","US Main: National","US 1-16"
"523","US.60",111,100,9,TRUE,2663.9,10,7,"James City",4,"US Main",60,"WE","US Main: National","US 59-76"
"524","US.601",16,16,2,TRUE,317.4,0,0,"Jasper",1,"US Spur",601,"SN","US Spur: Regional","US 360-730"
"525","US.61",60,54,8,TRUE,1404.9,10,11,"Jefferson",3,"US Main",61,"SN","US Main: National","US 59-76"
"526","US.62",92,86,10,TRUE,2253.94,5,6,"Fulton",2,"US Main",62,"WE","US Main: National","US 59-76"
"527","US.63",54,51,6,TRUE,1230.56,6,7,"Union",2,"US Main",63,"SN","US Main: National","US 59-76"
"528","US.64",73,70,6,TRUE,2330.7,6,7,"Franklin",3,"US Main",64,"WE","US Main: National","US 59-76"
"529","US.641",11,11,2,TRUE,165.2,1,0,"Wayne",1,"US Spur",641,"SN","US Spur: Regional","US 360-730"
"530","US.65",45,40,5,TRUE,958.9,7,6,"Desha",2,"US Main",65,"SN","US Main: Regional","US 59-76"
"531","US.67",61,57,5,TRUE,1545.5,10,8,"Cass",2,"US Main",67,"SN","US Main: National","US 59-76"
"532","US.68",29,28,2,TRUE,550.1,7,2,"Logan",2,"US Main",68,"WE","US Main: Regional","US 59-76"
"533","US.69",46,45,6,TRUE,1132.4,3,6,"Cherokee",2,"US Main",69,"SN","US Main: National","US 59-76"
"534","US.69A",2,2,2,TRUE,20.4,0,0,"Ottawa",1,"US Main",69,"SN","US Main: Local","US 59-76"
"535","US.6N",1,1,1,FALSE,27.7,0,0,"Erie",1,"US Main",6,"WE","US Main: Local","US 1-16"
"536","US.7",8,8,3,TRUE,310.4,2,0,"Western Connecticut",1,"US Main",7,"SN","US Main: Regional","US 1-16"
"537","US.70",83,79,7,TRUE,2371.2,4,10,"Jefferson",2,"US Main",70,"WE","US Main: National","US 59-76"
"538","US.701",6,6,2,TRUE,172.6,1,0,"Georgetown",1,"US Spur",701,"SN","US Spur: Regional","US 360-730"
"539","US.70N",4,4,1,FALSE,87.5,0,1,"Wilson",1,"US Main",70,"WE","US Main: Local","US 59-76"
"540","US.70S",6,6,1,FALSE,112.7,3,1,"Davidson",1,"US Main",70,"WE","US Main: Local","US 59-76"
"541","US.71",57,52,6,TRUE,1513.61,5,6,"Miller",2,"US Main",71,"SN","US Main: National","US 59-76"
"542","US.72",14,14,3,TRUE,315.78,3,2,"Shelby",1,"US Main",72,"WE","US Main: Regional","US 59-76"
"543","US.73",5,5,2,TRUE,113.1,0,0,"Wyandotte",1,"US Main",73,"SN","US Main: Local","US 59-76"
"544","US.730",3,3,2,TRUE,41.3,0,0,"Morrow",1,"US Spur",730,"WE","US Spur: Local","US 360-730"
"545","US.74",23,22,2,TRUE,514.6,0,4,"Polk",2,"US Main",74,"WE","US Main: Regional","US 59-76"
"546","US.75",47,45,6,TRUE,1233,7,6,"Washington",2,"US Main",75,"SN","US Main: National","US 59-76"
"547","US.76",27,25,4,TRUE,536.7,3,0,"Lexington",2,"US Main",76,"WE","US Main: Regional","US 59-76"
"548","US.77",48,46,5,TRUE,1299.4,0,2,"Dickinson",2,"US Main",77,"SN","US Main: National","US 77-101"
"549","US.77A",4,4,1,FALSE,89.6,0,0,"Refugio",1,"US Main",77,"SN","US Main: Local","US 77-101"
"550","US.78",39,39,6,TRUE,852.9,1,1,"Craighead",1,"US Main",78,"WE","US Main: Regional","US 77-101"
"551","US.79",41,37,5,TRUE,873.1,2,4,"Prairie",2,"US Main",79,"SN","US Main: Regional","US 77-101"
"552","US.8",11,11,3,TRUE,282.3,3,3,"Washington",1,"US Main",8,"WE","US Main: Regional","US 1-16"
"553","US.80",50,46,5,TRUE,1031.9,3,6,"Dallas",2,"US Main",80,"WE","US Main: National","US 77-101"
"554","US.81",45,44,6,TRUE,1208,8,8,"Grant",2,"US Main",81,"SN","US Main: National","US 77-101"
"555","US.82",61,58,6,TRUE,1603.41,8,1,"Montgomery",2,"US Main",82,"WE","US Main: National","US 77-101"
"556","US.83",58,54,6,TRUE,1858,15,2,"Kerr",2,"US Main",83,"SN","US Main: National","US 77-101"
"557","US.84",68,66,7,TRUE,1918.6,7,6,"Covington",2,"US Main",84,"WE","US Main: National","US 77-101"
"558","US.85",34,33,6,TRUE,1471.9,3,2,"El Paso",2,"US Main",85,"SN","US Main: National","US 77-101"
"559","US.87",59,56,5,TRUE,2004.8,5,3,"Kendall",3,"US Main",87,"SN","US Main: National","US 77-101"
"560","US.89",23,22,5,TRUE,1235.5,4,2,"Teton",2,"US Main",89,"SN","US Main: National","US 77-101"
"561","US.89A",2,2,2,TRUE,92,0,0,"Coconino",1,"US Main",89,"SN","US Main: Local","US 77-101"
"562","US.9",26,23,4,TRUE,524.2,1,2,"Essex",3,"US Main",9,"SN","US Main: Regional","US 1-16"
"563","US.90",64,55,5,TRUE,1635.6,5,10,"Jefferson",4,"US Main",90,"WE","US Main: National","US 77-101"
"564","US.91",6,6,2,TRUE,170.2,1,0,"Box Elder",1,"US Main",91,"SN","US Main: Regional","US 77-101"
"565","US.92",7,7,1,FALSE,182.7,0,1,"Pinellas",1,"US Main",92,"WE","US Main: Regional","US 77-101"
"566","US.93",19,17,4,TRUE,1356.3,5,3,"Lincoln",3,"US Main",93,"SN","US Main: National","US 77-101"
"567","US.95",34,26,5,TRUE,1566.9,4,4,"Adams",3,"US Main",95,"SN","US Main: National","US 77-101"
"568","US.96",6,6,1,FALSE,163.6,1,1,"Jefferson",1,"US Main",96,"SN","US Main: Regional","US 77-101"
"569","US.97",13,12,3,TRUE,666.7,2,1,"Chelan",2,"US Main",97,"SN","US Main: Regional","US 77-101"
"570","US.98",34,33,3,TRUE,925,6,4,"Franklin",2,"US Main",98,"WE","US Main: Regional","US 77-101"
"571","US.9W",6,6,2,TRUE,142.2,0,0,"Bergen",1,"US Main",9,"SN","US Main: Local","US 1-16"
